{"r_squared": 0.6166788065877784, "rmse": 5.894971570598795}