{"r_squared": 0.7309223472175639, "rmse": 4.939001004466258}